INSERT INTO Customers (Id,FirstName,LastName,City,Country,Phone) VALUES(1,'Maria','Anders','Berlin','Germany','030-0074321');
INSERT INTO Customers (Id,FirstName,LastName,City,Country,Phone) VALUES(2,'Ana','Trujillo','México D.F.','Mexico','(5) 555-4729');
INSERT INTO Customers (Id,FirstName,LastName,City,Country,Phone) VALUES(3,'Antonio','Moreno','México D.F.','Mexico','(5) 555-3932');
INSERT INTO Customers (Id,FirstName,LastName,City,Country,Phone) VALUES(4,'Thomas','Hardy','London','UK','(171) 555-7788');
INSERT INTO Customers (Id,FirstName,LastName,City,Country,Phone) VALUES(5,'Christina','Berglund','Luleå','Sweden','0921-12 34 65');
INSERT INTO Customers (Id,FirstName,LastName,City,Country,Phone) VALUES(6,'Hanna','Moos','Mannheim','Germany','0621-08460');
INSERT INTO Customers (Id,FirstName,LastName,City,Country,Phone) VALUES(7,'Frédérique','Citeaux','Strasbourg','France','88.60.15.31');
INSERT INTO Customers (Id,FirstName,LastName,City,Country,Phone) VALUES(8,'Martín','Sommer','Madrid','Spain','(91) 555 22 82');
INSERT INTO Customers (Id,FirstName,LastName,City,Country,Phone) VALUES(9,'Laurence','Lebihan','Marseille','France','91.24.45.40');
INSERT INTO Customers (Id,FirstName,LastName,City,Country,Phone) VALUES(10,'Elizabeth','Lincoln','Tsawassen','Canada','(604) 555-4729');
INSERT INTO Customers (Id,FirstName,LastName,City,Country,Phone) VALUES(11,'Victoria','Ashworth','London','UK','(171) 555-1212');
INSERT INTO Customers (Id,FirstName,LastName,City,Country,Phone) VALUES(12,'Patricio','Simpson','Buenos Aires','Argentina','(1) 135-5555');
INSERT INTO Customers (Id,FirstName,LastName,City,Country,Phone) VALUES(13,'Francisco','Chang','México D.F.','Mexico','(5) 555-3392');
INSERT INTO Customers (Id,FirstName,LastName,City,Country,Phone) VALUES(14,'Yang','Wang','Bern','Switzerland','0452-076545');
INSERT INTO Customers (Id,FirstName,LastName,City,Country,Phone) VALUES(15,'Pedro','Afonso','Sao Paulo','Brazil','(11) 555-7647');
INSERT INTO Customers (Id,FirstName,LastName,City,Country,Phone) VALUES(16,'Elizabeth','Brown','London','UK','(171) 555-2282');
INSERT INTO Customers (Id,FirstName,LastName,City,Country,Phone) VALUES(17,'Sven','Ottlieb','Aachen','Germany','0241-039123');
INSERT INTO Customers (Id,FirstName,LastName,City,Country,Phone) VALUES(18,'Janine','Labrune','Nantes','France','40.67.88.88');
INSERT INTO Customers (Id,FirstName,LastName,City,Country,Phone) VALUES(19,'Ann','Devon','London','UK','(171) 555-0297');
INSERT INTO Customers (Id,FirstName,LastName,City,Country,Phone) VALUES(20,'Roland','Mendel','Graz','Austria','7675-3425');
INSERT INTO Customers (Id,FirstName,LastName,City,Country,Phone) VALUES(21,'Aria','Cruz','Sao Paulo','Brazil','(11) 555-9857');
INSERT INTO Customers (Id,FirstName,LastName,City,Country,Phone) VALUES(22,'Diego','Roel','Madrid','Spain','(91) 555 94 44');
INSERT INTO Customers (Id,FirstName,LastName,City,Country,Phone) VALUES(23,'Martine','Rancé','Lille','France','20.16.10.16');
INSERT INTO Customers (Id,FirstName,LastName,City,Country,Phone) VALUES(24,'Maria','Larsson','Bräcke','Sweden','0695-34 67 21');
INSERT INTO Customers (Id,FirstName,LastName,City,Country,Phone) VALUES(25,'Peter','Franken','München','Germany','089-0877310');
INSERT INTO Customers (Id,FirstName,LastName,City,Country,Phone) VALUES(26,'Carine','Schmitt','Nantes','France','40.32.21.21');
INSERT INTO Customers (Id,FirstName,LastName,City,Country,Phone) VALUES(27,'Paolo','Accorti','Torino','Italy','011-4988260');
INSERT INTO Customers (Id,FirstName,LastName,City,Country,Phone) VALUES(28,'Lino','Rodriguez','Lisboa','Portugal','(1) 354-2534');
INSERT INTO Customers (Id,FirstName,LastName,City,Country,Phone) VALUES(29,'Eduardo','Saavedra','Barcelona','Spain','(93) 203 4560');
INSERT INTO Customers (Id,FirstName,LastName,City,Country,Phone) VALUES(30,'José','Pedro Freyre','Sevilla','Spain','(95) 555 82 82');
INSERT INTO Customers (Id,FirstName,LastName,City,Country,Phone) VALUES(31,'André','Fonseca','Campinas','Brazil','(11) 555-9482');
INSERT INTO Customers (Id,FirstName,LastName,City,Country,Phone) VALUES(32,'Howard','Snyder','Eugene','USA','(503) 555-7555');
INSERT INTO Customers (Id,FirstName,LastName,City,Country,Phone) VALUES(33,'Manuel','Pereira','Caracas','Venezuela','(2) 283-2951');
INSERT INTO Customers (Id,FirstName,LastName,City,Country,Phone) VALUES(34,'Mario','Pontes','Rio de Janeiro','Brazil','(21) 555-0091');
INSERT INTO Customers (Id,FirstName,LastName,City,Country,Phone) VALUES(35,'Carlos','Hernández','San Cristóbal','Venezuela','(5) 555-1340');
INSERT INTO Customers (Id,FirstName,LastName,City,Country,Phone) VALUES(36,'Yoshi','Latimer','Elgin','USA','(503) 555-6874');
INSERT INTO Customers (Id,FirstName,LastName,City,Country,Phone) VALUES(37,'Patricia','McKenna','Cork','Ireland','2967 542');
INSERT INTO Customers (Id,FirstName,LastName,City,Country,Phone) VALUES(38,'Helen','Bennett','Cowes','UK','(198) 555-8888');
INSERT INTO Customers (Id,FirstName,LastName,City,Country,Phone) VALUES(39,'Philip','Cramer','Brandenburg','Germany','0555-09876');
INSERT INTO Customers (Id,FirstName,LastName,City,Country,Phone) VALUES(40,'Daniel','Tonini','Versailles','France','30.59.84.10');
INSERT INTO Customers (Id,FirstName,LastName,City,Country,Phone) VALUES(41,'Annette','Roulet','Toulouse','France','61.77.61.10');
INSERT INTO Customers (Id,FirstName,LastName,City,Country,Phone) VALUES(42,'Yoshi','Tannamuri','Vancouver','Canada','(604) 555-3392');
INSERT INTO Customers (Id,FirstName,LastName,City,Country,Phone) VALUES(43,'John','Steel','Walla Walla','USA','(509) 555-7969');
INSERT INTO Customers (Id,FirstName,LastName,City,Country,Phone) VALUES(44,'Renate','Messner','Frankfurt a.M.','Germany','069-0245984');
INSERT INTO Customers (Id,FirstName,LastName,City,Country,Phone) VALUES(45,'Jaime','Yorres','San Francisco','USA','(415) 555-5938');
INSERT INTO Customers (Id,FirstName,LastName,City,Country,Phone) VALUES(46,'Carlos','González','Barquisimeto','Venezuela','(9) 331-6954');
INSERT INTO Customers (Id,FirstName,LastName,City,Country,Phone) VALUES(47,'Felipe','Izquierdo','I. de Margarita','Venezuela','(8) 34-56-12');
INSERT INTO Customers (Id,FirstName,LastName,City,Country,Phone) VALUES(48,'Fran','Wilson','Portland','USA','(503) 555-9573');
INSERT INTO Customers (Id,FirstName,LastName,City,Country,Phone) VALUES(49,'Giovanni','Rovelli','Bergamo','Italy','035-640230');
INSERT INTO Customers (Id,FirstName,LastName,City,Country,Phone) VALUES(50,'Catherine','Dewey','Bruxelles','Belgium','(02)/201 24 67');
INSERT INTO Customers (Id,FirstName,LastName,City,Country,Phone) VALUES(51,'Jean','Fresnière','Montréal','Canada','(514) 555-8054');
INSERT INTO Customers (Id,FirstName,LastName,City,Country,Phone) VALUES(52,'Alexander','Feuer','Leipzig','Germany','0342-023176');
INSERT INTO Customers (Id,FirstName,LastName,City,Country,Phone) VALUES(53,'Simon','Crowther','London','UK','(171) 555-7733');
INSERT INTO Customers (Id,FirstName,LastName,City,Country,Phone) VALUES(54,'Yvonne','Moncada','Buenos Aires','Argentina','(1) 135-5333');
INSERT INTO Customers (Id,FirstName,LastName,City,Country,Phone) VALUES(55,'Rene','Phillips','Anchorage','USA','(907) 555-7584');
INSERT INTO Customers (Id,FirstName,LastName,City,Country,Phone) VALUES(56,'Henriette','Pfalzheim','Köln','Germany','0221-0644327');
INSERT INTO Customers (Id,FirstName,LastName,City,Country,Phone) VALUES(57,'Marie','Bertrand','Paris','France','(1) 42.34.22.66');
INSERT INTO Customers (Id,FirstName,LastName,City,Country,Phone) VALUES(58,'Guillermo','Fernández','México D.F.','Mexico','(5) 552-3745');
INSERT INTO Customers (Id,FirstName,LastName,City,Country,Phone) VALUES(59,'Georg','Pipps','Salzburg','Austria','6562-9722');
INSERT INTO Customers (Id,FirstName,LastName,City,Country,Phone) VALUES(60,'Isabel','de Castro','Lisboa','Portugal','(1) 356-5634');
INSERT INTO Customers (Id,FirstName,LastName,City,Country,Phone) VALUES(61,'Bernardo','Batista','Rio de Janeiro','Brazil','(21) 555-4252');
INSERT INTO Customers (Id,FirstName,LastName,City,Country,Phone) VALUES(62,'Lúcia','Carvalho','Sao Paulo','Brazil','(11) 555-1189');
INSERT INTO Customers (Id,FirstName,LastName,City,Country,Phone) VALUES(63,'Horst','Kloss','Cunewalde','Germany','0372-035188');
INSERT INTO Customers (Id,FirstName,LastName,City,Country,Phone) VALUES(64,'Sergio','Gutiérrez','Buenos Aires','Argentina','(1) 123-5555');
INSERT INTO Customers (Id,FirstName,LastName,City,Country,Phone) VALUES(65,'Paula','Wilson','Albuquerque','USA','(505) 555-5939');
INSERT INTO Customers (Id,FirstName,LastName,City,Country,Phone) VALUES(66,'Maurizio','Moroni','Reggio Emilia','Italy','0522-556721');
INSERT INTO Customers (Id,FirstName,LastName,City,Country,Phone) VALUES(67,'Janete','Limeira','Rio de Janeiro','Brazil','(21) 555-3412');
INSERT INTO Customers (Id,FirstName,LastName,City,Country,Phone) VALUES(68,'Michael','Holz','Genève','Switzerland','0897-034214');
INSERT INTO Customers (Id,FirstName,LastName,City,Country,Phone) VALUES(69,'Alejandra','Camino','Madrid','Spain','(91) 745 6200');
INSERT INTO Customers (Id,FirstName,LastName,City,Country,Phone) VALUES(70,'Jonas','Bergulfsen','Stavern','Norway','07-98 92 35');
INSERT INTO Customers (Id,FirstName,LastName,City,Country,Phone) VALUES(71,'Jose','Pavarotti','Boise','USA','(208) 555-8097');
INSERT INTO Customers (Id,FirstName,LastName,City,Country,Phone) VALUES(72,'Hari','Kumar','London','UK','(171) 555-1717');
INSERT INTO Customers (Id,FirstName,LastName,City,Country,Phone) VALUES(73,'Jytte','Petersen','Kobenhavn','Denmark','31 12 34 56');
INSERT INTO Customers (Id,FirstName,LastName,City,Country,Phone) VALUES(74,'Dominique','Perrier','Paris','France','(1) 47.55.60.10');
INSERT INTO Customers (Id,FirstName,LastName,City,Country,Phone) VALUES(75,'Art','Braunschweiger','Lander','USA','(307) 555-4680');
INSERT INTO Customers (Id,FirstName,LastName,City,Country,Phone) VALUES(76,'Pascale','Cartrain','Charleroi','Belgium','(071) 23 67 22 20');
INSERT INTO Customers (Id,FirstName,LastName,City,Country,Phone) VALUES(77,'Liz','Nixon','Portland','USA','(503) 555-3612');
INSERT INTO Customers (Id,FirstName,LastName,City,Country,Phone) VALUES(78,'Liu','Wong','Butte','USA','(406) 555-5834');
INSERT INTO Customers (Id,FirstName,LastName,City,Country,Phone) VALUES(79,'Karin','Josephs','Münster','Germany','0251-031259');
INSERT INTO Customers (Id,FirstName,LastName,City,Country,Phone) VALUES(80,'Miguel','Angel Paolino','México D.F.','Mexico','(5) 555-2933');
INSERT INTO Customers (Id,FirstName,LastName,City,Country,Phone) VALUES(81,'Anabela','Domingues','Sao Paulo','Brazil','(11) 555-2167');
INSERT INTO Customers (Id,FirstName,LastName,City,Country,Phone) VALUES(82,'Helvetius','Nagy','Kirkland','USA','(206) 555-8257');
INSERT INTO Customers (Id,FirstName,LastName,City,Country,Phone) VALUES(83,'Palle','Ibsen','Århus','Denmark','86 21 32 43');
INSERT INTO Customers (Id,FirstName,LastName,City,Country,Phone) VALUES(84,'Mary','Saveley','Lyon','France','78.32.54.86');
INSERT INTO Customers (Id,FirstName,LastName,City,Country,Phone) VALUES(85,'Paul','Henriot','Reims','France','26.47.15.10');
INSERT INTO Customers (Id,FirstName,LastName,City,Country,Phone) VALUES(86,'Rita','Müller','Stuttgart','Germany','0711-020361');
INSERT INTO Customers (Id,FirstName,LastName,City,Country,Phone) VALUES(87,'Pirkko','Koskitalo','Oulu','Finland','981-443655');
INSERT INTO Customers (Id,FirstName,LastName,City,Country,Phone) VALUES(88,'Paula','Parente','Resende','Brazil','(14) 555-8122');
INSERT INTO Customers (Id,FirstName,LastName,City,Country,Phone) VALUES(89,'Karl','Jablonski','Seattle','USA','(206) 555-4112');
INSERT INTO Customers (Id,FirstName,LastName,City,Country,Phone) VALUES(90,'Matti','Karttunen','Helsinki','Finland','90-224 8858');
INSERT INTO Customers (Id,FirstName,LastName,City,Country,Phone) VALUES(91,'Zbyszek','Piestrzeniewicz','Warszawa','Poland','(26) 642-7012');

INSERT INTO Suppliers (Id,CompanyName,ContactName,City,Country,Phone,Fax) VALUES(1,'Exotic Liquids','Charlotte Cooper','London','UK','(171) 555-2222',NULL);
INSERT INTO Suppliers (Id,CompanyName,ContactName,City,Country,Phone,Fax) VALUES(2,'New Orleans Ca6/Delights','Shelley Burke','New Orleans','USA','(100) 555-4822',NULL);
INSERT INTO Suppliers (Id,CompanyName,ContactName,City,Country,Phone,Fax) VALUES(3,'Grandma Kelly''s Homestead','Regina Murphy','Ann Arbor','USA','(313) 555-5735','(313) 555-3349');
INSERT INTO Suppliers (Id,CompanyName,ContactName,City,Country,Phone,Fax) VALUES(4,'Tokyo Traders','Yoshi Nagase','Tokyo','Japan','(03) 3555-5011',NULL);
INSERT INTO Suppliers (Id,CompanyName,ContactName,City,Country,Phone,Fax) VALUES(5,'Cooperativa de Quesos ''Las Cabras''','Antonio del Valle Saavedra','Oviedo','Spain','(98) 598 76 54',NULL);
INSERT INTO Suppliers (Id,CompanyName,ContactName,City,Country,Phone,Fax) VALUES(6,'Mayumi''s','Mayumi Ohno','Osaka','Japan','(06) 431-7877',NULL);
INSERT INTO Suppliers (Id,CompanyName,ContactName,City,Country,Phone,Fax) VALUES(7,'Pavlova, Ltd.','Ian Devling','Melbourne','Australia','(03) 444-2343','(03) 444-6588');
INSERT INTO Suppliers (Id,CompanyName,ContactName,City,Country,Phone,Fax) VALUES(8,'Specialty Biscuits, Ltd.','Peter Wilson','Manchester','UK','(161) 555-4448',NULL);
INSERT INTO Suppliers (Id,CompanyName,ContactName,City,Country,Phone,Fax) VALUES(9,'PB Knäckebröd AB','Lars Peterson','Göteborg','Sweden','031-987 65 43','031-987 65 91');
INSERT INTO Suppliers (Id,CompanyName,ContactName,City,Country,Phone,Fax) VALUES(10,'Refrescos Americanas LTDA','Carlos Diaz','Sao Paulo','Brazil','(11) 555 4640',NULL);
INSERT INTO Suppliers (Id,CompanyName,ContactName,City,Country,Phone,Fax) VALUES(11,'Heli Süßwaren GmbH & Co. KG','Petra Winkler','Berlin','Germany','(010) 9984510',NULL);
INSERT INTO Suppliers (Id,CompanyName,ContactName,City,Country,Phone,Fax) VALUES(12,'Plutzer Lebensmittelgroßmärkte AG','Martin Bein','Frankfurt','Germany','(069) 992755',NULL);
INSERT INTO Suppliers (Id,CompanyName,ContactName,City,Country,Phone,Fax) VALUES(13,'Nord-Ost-Fisch Handelsgesellschaft mbH','Sven Petersen','Cuxhaven','Germany','(04721) 8713','(04721) 8714');
INSERT INTO Suppliers (Id,CompanyName,ContactName,City,Country,Phone,Fax) VALUES(14,'Formaggi Fortini s.r.l.','Elio Rossi','Ravenna','Italy','(0544) 60323','(0544) 60603');
INSERT INTO Suppliers (Id,CompanyName,ContactName,City,Country,Phone,Fax) VALUES(15,'Norske Meierier','Beate Vileid','Sandvika','Norway','(0);2-953010',NULL);
INSERT INTO Suppliers (Id,CompanyName,ContactName,City,Country,Phone,Fax) VALUES(16,'Bigfoot Breweries','Cheryl Saylor','Bend','USA','(503) 555-9931',NULL);
INSERT INTO Suppliers (Id,CompanyName,ContactName,City,Country,Phone,Fax) VALUES(17,'Svensk Sjöföda AB','Michael Björn','Stockholm','Sweden','08-123 45 67',NULL);
INSERT INTO Suppliers (Id,CompanyName,ContactName,City,Country,Phone,Fax) VALUES(18,'Aux joyeux ecclésiastiques','Guylène Nodier','Paris','France','(1) 03.83.00.68','(1) 03.83.00.62');
INSERT INTO Suppliers (Id,CompanyName,ContactName,City,Country,Phone,Fax) VALUES(19,'New England Seafood Cannery','Robb Merchant','Boston','USA','(617) 555-3267','(617) 555-3389');
INSERT INTO Suppliers (Id,CompanyName,ContactName,City,Country,Phone,Fax) VALUES(20,'Leka Trading','Chandra Leka','Singapore','Singapore','555-8787',NULL);
INSERT INTO Suppliers (Id,CompanyName,ContactName,City,Country,Phone,Fax) VALUES(21,'Lyngbysild','Niels Petersen','Lyngby','Denmark','43844108','43844115');
INSERT INTO Suppliers (Id,CompanyName,ContactName,City,Country,Phone,Fax) VALUES(22,'Zaanse Snoepfabriek','Dirk Luchte','Zaandam','Netherlands','(12345) 1212','(12345) 1210');
INSERT INTO Suppliers (Id,CompanyName,ContactName,City,Country,Phone,Fax) VALUES(23,'Karkki Oy','Anne Heikkonen','Lappeenranta','Finland','(953) 10956',NULL);
INSERT INTO Suppliers (Id,CompanyName,ContactName,City,Country,Phone,Fax) VALUES(24,'G''day, Mate','Wendy Mackenzie','Sydney','Australia','(02) 555-5914','(02) 555-4873');
INSERT INTO Suppliers (Id,CompanyName,ContactName,City,Country,Phone,Fax) VALUES(25,'Ma Maison','Jean-Guy Lauzon','Montréal','Canada','(514) 555-9022',NULL);
INSERT INTO Suppliers (Id,CompanyName,ContactName,City,Country,Phone,Fax) VALUES(26,'Pasta Buttini s.r.l.','Giovanni Giudici','Salerno','Italy','(089) 6547665','(089) 6547667');
INSERT INTO Suppliers (Id,CompanyName,ContactName,City,Country,Phone,Fax) VALUES(27,'Escargots Nouveaux','Marie Delamare','Montceau','France','85.57.00.07',NULL);
INSERT INTO Suppliers (Id,CompanyName,ContactName,City,Country,Phone,Fax) VALUES(28,'Gai pâturage','Eliane Noz','Annecy','France','38.76.98.06','38.76.98.58');
INSERT INTO Suppliers (Id,CompanyName,ContactName,City,Country,Phone,Fax) VALUES(29,'Forêts d''érables','Chantal Goulet','Ste-Hyacinthe','Canada','(514) 555-2955','(514) 555-2921');

INSERT INTO Products (Id,ProductName,SupplierId,UnitPrice,Package,IsDiscontinued) VALUES(1,'Chai',1,18.00,'10 boxes x 20 bags',0);
INSERT INTO Products (Id,ProductName,SupplierId,UnitPrice,Package,IsDiscontinued) VALUES(2,'Chang',1,19.00,'24 - 12 oz bottles',0);
INSERT INTO Products (Id,ProductName,SupplierId,UnitPrice,Package,IsDiscontinued) VALUES(3,'Aniseed Syrup',1,10.00,'12 - 550 ml bottles',0);
INSERT INTO Products (Id,ProductName,SupplierId,UnitPrice,Package,IsDiscontinued) VALUES(4,'Chef Anton''s Ca6/Seasoning',2,22.00,'48 - 6 oz jars',0);
INSERT INTO Products (Id,ProductName,SupplierId,UnitPrice,Package,IsDiscontinued) VALUES(5,'Chef Anton''s Gumbo Mix',2,21.35,'36 boxes',1);
INSERT INTO Products (Id,ProductName,SupplierId,UnitPrice,Package,IsDiscontinued) VALUES(6,'Grandma''s Boysenberry Spread',3,25.00,'12 - 8 oz jars',0);
INSERT INTO Products (Id,ProductName,SupplierId,UnitPrice,Package,IsDiscontinued) VALUES(7,'Uncle Bob''s Organic Dried Pears',3,30.00,'12 - 1 lb pkgs.',0);
INSERT INTO Products (Id,ProductName,SupplierId,UnitPrice,Package,IsDiscontinued) VALUES(8,'Northwoods Cranberry Sauce',3,40.00,'12 - 12 oz jars',0);
INSERT INTO Products (Id,ProductName,SupplierId,UnitPrice,Package,IsDiscontinued) VALUES(9,'Mishi Kobe Niku',4,97.00,'18 - 500 g pkgs.',1);
INSERT INTO Products (Id,ProductName,SupplierId,UnitPrice,Package,IsDiscontinued) VALUES(10,'Ikura',4,31.00,'12 - 200 ml jars',0);
INSERT INTO Products (Id,ProductName,SupplierId,UnitPrice,Package,IsDiscontinued) VALUES(11,'Queso Cabrales',5,21.00,'1 kg pkg.',0);
INSERT INTO Products (Id,ProductName,SupplierId,UnitPrice,Package,IsDiscontinued) VALUES(12,'Queso Manchego La Pastora',5,38.00,'10 - 500 g pkgs.',0);
INSERT INTO Products (Id,ProductName,SupplierId,UnitPrice,Package,IsDiscontinued) VALUES(13,'Konbu',6,6.00,'2 kg box',0);
INSERT INTO Products (Id,ProductName,SupplierId,UnitPrice,Package,IsDiscontinued) VALUES(14,'Tofu',6,23.25,'40 - 100 g pkgs.',0);
INSERT INTO Products (Id,ProductName,SupplierId,UnitPrice,Package,IsDiscontinued) VALUES(15,'Genen Shouyu',6,15.50,'24 - 250 ml bottles',0);
INSERT INTO Products (Id,ProductName,SupplierId,UnitPrice,Package,IsDiscontinued) VALUES(16,'Pavlova',7,17.45,'32 - 500 g boxes',0);
INSERT INTO Products (Id,ProductName,SupplierId,UnitPrice,Package,IsDiscontinued) VALUES(17,'Alice Mutton',7,39.00,'20 - 1 kg tins',1);
INSERT INTO Products (Id,ProductName,SupplierId,UnitPrice,Package,IsDiscontinued) VALUES(18,'Carnarvon Tigers',7,62.50,'16 kg pkg.',0);
INSERT INTO Products (Id,ProductName,SupplierId,UnitPrice,Package,IsDiscontinued) VALUES(19,'Teatime Chocolate Biscuits',8,9.20,'10 boxes x 12 pieces',0);
INSERT INTO Products (Id,ProductName,SupplierId,UnitPrice,Package,IsDiscontinued) VALUES(20,'Sir Rodney''s Marmalade',8,81.00,'30 gift boxes',0);
INSERT INTO Products (Id,ProductName,SupplierId,UnitPrice,Package,IsDiscontinued) VALUES(21,'Sir Rodney''s Scones',8,10.00,'24 pkgs. x 4 pieces',0);
INSERT INTO Products (Id,ProductName,SupplierId,UnitPrice,Package,IsDiscontinued) VALUES(22,'Gustaf''s Knäckebröd',9,21.00,'24 - 500 g pkgs.',0);
INSERT INTO Products (I